,real_imps,win_imps,clks,real_clks,rewards,budget,spent,CPM
0,437520,62021,259,395,3503304.9253601916,16000000.0,2570569,41.44675190661228
1,420384,271502,348,369,-6987957.29770385,16000000.0,16000001,58.93142960272853
2,437520,272852,381,395,-6095850.044281518,16000000.0,15675374,57.450097488748476
3,437520,272852,381,395,-6095850.044281518,16000000.0,15675374,57.450097488748476
4,437520,272852,381,395,-6095850.044281518,16000000.0,15675374,57.450097488748476
5,437520,272852,381,395,-6095850.044281518,16000000.0,15675374,57.450097488748476
6,437520,272852,381,395,-6095850.044281518,16000000.0,15675374,57.450097488748476
7,437520,272852,381,395,-6095850.044281518,16000000.0,15675374,57.450097488748476
8,437520,272852,381,395,-6095850.044281518,16000000.0,15675374,57.450097488748476
9,437520,272852,381,395,-6095850.044281518,16000000.0,15675374,57.450097488748476
10,437520,272852,381,395,-6095850.044281518,16000000.0,15675374,57.450097488748476
11,437520,272852,381,395,-6095850.044281518,16000000.0,15675374,57.450097488748476
12,437520,272852,381,395,-6095850.044281518,16000000.0,15675374,57.450097488748476
13,437520,264296,378,395,-5492130.627196037,16000000.0,15004157,56.77027650815752
14,437520,272852,381,395,-6095850.044281518,16000000.0,15675374,57.450097488748476
15,437520,272852,381,395,-6095850.044281518,16000000.0,15675374,57.450097488748476
16,437520,272852,381,395,-6095850.044281518,16000000.0,15675374,57.450097488748476
17,437520,272852,381,395,-6095850.044281518,16000000.0,15675374,57.450097488748476
18,437520,272852,381,395,-6095850.044281518,16000000.0,15675374,57.450097488748476
19,437520,272852,381,395,-6095850.044281518,16000000.0,15675374,57.450097488748476
20,437520,272852,381,395,-6095850.044281518,16000000.0,15675374,57.450097488748476
21,437520,272852,381,395,-6095850.044281518,16000000.0,15675374,57.450097488748476
22,437520,272852,381,395,-6095850.044281518,16000000.0,15675374,57.450097488748476
23,437520,272852,381,395,-6095850.044281518,16000000.0,15675374,57.450097488748476
24,437520,272852,381,395,-6095850.044281518,16000000.0,15675374,57.450097488748476
25,437520,272852,381,395,-6095850.044281518,16000000.0,15675374,57.450097488748476
26,437520,272852,381,395,-6095850.044281518,16000000.0,15675374,57.450097488748476
27,437520,272852,381,395,-6095850.044281518,16000000.0,15675374,57.450097488748476
28,437520,272852,381,395,-6095850.044281518,16000000.0,15675374,57.450097488748476
29,437520,272852,381,395,-6095850.044281518,16000000.0,15675374,57.450097488748476
30,437520,273537,381,395,-6133400.291219508,16000000.0,15716591,57.456910765271246
31,437520,209712,339,395,-3961864.8450813894,16000000.0,12220443,58.27250228885328
32,437520,238442,368,395,-3774217.7760917316,16000000.0,13033043,54.65917497756268
33,260159,237299,207,207,-10488198.580674328,16000000.0,16000005,67.42550537507533
34,437520,164588,331,395,16432.691979410476,16000000.0,8234443,50.0306401438744
35,437520,217453,363,395,-2508672.5250120996,16000000.0,11559886,53.16038868169213
36,437520,136991,285,395,-57887.107467198264,16000000.0,7262414,53.01380382652875
37,437520,34804,216,395,3700588.1152488906,16000000.0,1480806,42.54700609125388
38,325255,249070,267,278,-9136963.41016343,16000000.0,16000101,64.2393744730397
39,286557,240347,221,234,-10130748.46079643,16000000.0,16000017,66.57048766991059
40,437520,231602,369,395,-3331559.1321527394,16000000.0,12536088,54.12771910432552
41,437520,195729,338,395,-2333307.657283077,16000000.0,10708053,54.70856643624603
42,437520,126326,276,395,300308.2375438108,16000000.0,6682426,52.89826322372275
43,437520,25652,197,395,3519894.24188887,16000000.0,1261688,49.184780913768904
44,437520,47430,225,395,3083279.2821515705,16000000.0,2292846,48.34168247944339
45,437520,39058,221,395,3385166.04778069,16000000.0,1820375,46.606969122842955
46,437520,229714,367,395,-3195234.1398841194,16000000.0,12388956,53.93208946777297
47,437520,124738,291,395,891424.5544413504,16000000.0,6249490,50.100931552534114
48,437520,259100,375,395,-5129946.08488503,16000000.0,14599026,56.3451408722501
49,347666,257092,292,297,-8425044.687943343,16000000.0,16000039,62.234682526099604
50,437520,179192,347,395,-427191.78612378816,16000000.0,9031744,50.40260725925265
51,437520,272852,381,395,-6095850.044281518,16000000.0,15675374,57.450097488748476
52,437520,272852,381,395,-6095850.044281518,16000000.0,15675374,57.450097488748476
53,437520,26923,206,395,3602013.4358163914,16000000.0,1299048,48.25049214426327
54,437520,26441,205,395,3599034.28299258,16000000.0,1284393,48.57581029461821
55,437520,26441,205,395,3599034.28299258,16000000.0,1284393,48.57581029461821
56,437520,26072,204,395,3602932.8755445704,16000000.0,1269869,48.7062365756367
57,437520,26072,204,395,3602932.8755445704,16000000.0,1269869,48.7062365756367
58,437520,26072,204,395,3602932.8755445704,16000000.0,1269869,48.7062365756367
59,437520,26286,204,395,3612892.146625871,16000000.0,1272722,48.418245453853764
60,437520,26286,204,395,3612892.146625871,16000000.0,1272722,48.418245453853764
61,437520,26286,204,395,3612892.146625871,16000000.0,1272722,48.418245453853764
62,437520,26125,204,395,3606173.205344571,16000000.0,1270720,48.64
63,437520,26125,204,395,3606173.205344571,16000000.0,1270720,48.64
64,437520,26125,204,395,3606173.205344571,16000000.0,1270720,48.64
65,437520,26039,204,395,3602054.4448118703,16000000.0,1269600,48.75763278159683
66,437520,26125,204,395,3606173.205344571,16000000.0,1270720,48.64
67,437520,26125,204,395,3606173.205344571,16000000.0,1270720,48.64
68,437520,26125,204,395,3606173.205344571,16000000.0,1270720,48.64
69,437520,26125,204,395,3606173.205344571,16000000.0,1270720,48.64
70,437520,26125,204,395,3606173.205344571,16000000.0,1270720,48.64
71,437520,26125,204,395,3606173.205344571,16000000.0,1270720,48.64
72,437520,26125,204,395,3606173.205344571,16000000.0,1270720,48.64
73,437520,26125,204,395,3606173.205344571,16000000.0,1270720,48.64
74,437520,26125,204,395,3606173.205344571,16000000.0,1270720,48.64
75,437520,26125,204,395,3606173.205344571,16000000.0,1270720,48.64
76,437520,26039,204,395,3602054.4448118703,16000000.0,1269600,48.75763278159683
77,437520,26039,204,395,3602054.4448118703,16000000.0,1269600,48.75763278159683
78,437520,26441,204,395,3621372.02201897,16000000.0,1275499,48.23943875042548
79,437520,26441,204,395,3621372.02201897,16000000.0,1275499,48.23943875042548
80,437520,26441,204,395,3621372.02201897,16000000.0,1275499,48.23943875042548
81,437520,26286,204,395,3612892.146625871,16000000.0,1272722,48.418245453853764
82,437520,26441,204,395,3621372.02201897,16000000.0,1275499,48.23943875042548
83,437520,26441,204,395,3621372.02201897,16000000.0,1275499,48.23943875042548
84,437520,26441,204,395,3621372.02201897,16000000.0,1275499,48.23943875042548
85,437520,26441,204,395,3621372.02201897,16000000.0,1275499,48.23943875042548
86,437520,26286,204,395,3612892.146625871,16000000.0,1272722,48.418245453853764
87,437520,26441,204,395,3621372.02201897,16000000.0,1275499,48.23943875042548
88,437520,31181,212,395,3731062.632328971,16000000.0,1351327,43.338154645457166
89,437520,217020,363,395,-2426458.137928331,16000000.0,11486413,52.927900654317575
90,437520,219123,364,395,-2548364.005949389,16000000.0,11631017,53.07985469348266
91,437520,194665,354,395,-1223177.505966089,16000000.0,10024893,51.49817892276475
92,437520,190364,354,395,-1004857.7074159993,16000000.0,9752084,51.228614654031226
93,437520,202344,357,395,-1622166.8323300388,16000000.0,10517312,51.97738504724627
94,437520,223006,364,395,-2781175.96596761,16000000.0,11905715,53.38742006941517
95,267942,239457,214,214,-10301121.28936387,16000000.0,16000075,66.81815524290374
96,267942,238770,210,214,-10393269.908081222,16000000.0,16000074,67.01040331699963
97,267942,238770,210,214,-10393269.908081222,16000000.0,16000074,67.01040331699963
98,272907,239492,216,220,-10268561.081041593,16000000.0,16000005,66.80809797404507
99,344985,257326,288,297,-8491786.326570613,16000000.0,16000041,62.17809704421629
100,344985,257326,288,297,-8491786.326570613,16000000.0,16000041,62.17809704421629
101,344985,257326,288,297,-8491786.326570613,16000000.0,16000041,62.17809704421629
102,344985,257326,288,297,-8491786.326570613,16000000.0,16000041,62.17809704421629
103,344985,257326,288,297,-8491786.326570613,16000000.0,16000041,62.17809704421629
104,344985,257326,288,297,-8491786.326570613,16000000.0,16000041,62.17809704421629
105,339699,256505,286,291,-8534864.745985316,16000000.0,16000219,62.37780550086743
106,339699,256505,286,291,-8534864.745985316,16000000.0,16000219,62.37780550086743
107,437520,174180,342,395,-236461.06619186865,16000000.0,8755935,50.269462624870826
108,437520,166981,340,395,91806.04515897974,16000000.0,8321054,49.83234020637079
109,437520,232251,366,395,-3357054.8209004095,16000000.0,12574044,54.139891755040885
110,295480,245426,240,246,-9742908.33575493,16000000.0,16000067,65.19303985722784
111,286557,243070,232,234,-9875705.332979938,16000000.0,16000031,65.82478709836673
112,295480,245426,240,246,-9742908.33575493,16000000.0,16000067,65.19303985722784
113,428811,275740,365,384,-6605070.12774766,16000000.0,16000045,58.02583955900486
114,437520,276759,379,395,-6441259.95773202,16000000.0,16000008,57.81206031240176
115,437520,269710,380,395,-5869789.963377218,16000000.0,15422482,57.18172110785659
116,325255,249960,263,278,-9257053.233835291,16000000.0,16000092,64.01060969755162
117,381988,265309,320,331,-7706060.060369069,16000000.0,16000110,60.307452819165576
118,369374,263035,311,321,-7898127.77326491,16000000.0,16000029,60.82851711749387
119,437520,271357,380,395,-5982749.832669572,16000000.0,15548601,57.299428428232915
120,437520,272213,380,395,-6049115.381448029,16000000.0,15623121,57.39300106901581
121,437520,276715,377,395,-6444975.69882045,16000000.0,16000044,57.82138301140162
122,428811,276083,370,384,-6539734.043648499,16000000.0,16000003,57.953597287772155
123,420384,273263,353,369,-6889289.51210782,16000000.0,16000024,58.551739532977386
124,295480,245767,244,246,-9641991.725005759,16000000.0,16000072,65.10260531316247
125,325255,249328,261,278,-9292712.246259956,16000000.0,16000121,64.17298097285503
126,337500,254717,281,290,-8728819.696607724,16000000.0,16000045,62.814986828519494
127,437520,233611,367,395,-3444016.459394591,16000000.0,12670711,54.2385033239017
128,437520,239457,369,395,-3817742.307843949,16000000.0,13102736,54.71853401654577
129,437520,214197,363,395,-2278925.7178829187,16000000.0,11305267,52.77976348875101
130,437520,214919,363,395,-2320386.2230907287,16000000.0,11354894,52.833365128257626
131,381988,263993,316,331,-7818647.44337358,16000000.0,16000074,60.60794793801351
132,344985,257215,289,297,-8486284.536987584,16000000.0,16000080,62.205081352176194
133,369374,263178,312,321,-7875725.610890043,16000000.0,16000041,60.79551102295785
134,437520,266683,378,395,-5660183.908203148,16000000.0,15189819,56.95833255213118
135,344985,257800,290,297,-8448129.107809432,16000000.0,16000036,62.06375484871994
136,347666,258285,292,297,-8413030.327252954,16000000.0,16000046,61.947252066515674
137,354974,260225,298,305,-8277622.22915387,16000000.0,16000010,61.485291574598904
138,369374,262913,311,321,-7899870.082709567,16000000.0,16000037,60.85677391380418
139,359749,260996,303,309,-8174873.417072559,16000000.0,16000030,61.30373645573112
140,344985,257503,291,297,-8450366.499309294,16000000.0,16000015,62.135256676621246
141,300120,246036,246,250,-9604306.550968869,16000000.0,16000014,65.03119055747939
142,344985,256828,288,297,-8499620.460587876,16000000.0,16000012,62.29855000233619
143,305325,247709,253,256,-9423357.161701567,16000000.0,16000011,64.59196476510745
144,286557,241301,224,234,-10028133.015611753,16000000.0,16000079,66.30755363632973
145,286557,240830,222,234,-10097223.105141161,16000000.0,16000018,66.43698044263589
146,286557,241264,224,234,-10030771.531150538,16000000.0,16000018,66.31746965979177
147,337500,254540,284,290,-8657244.901768796,16000000.0,16000096,62.85886697572091
148,381988,264860,319,331,-7713227.497865971,16000000.0,16000002,60.40928037453749
149,428811,273910,356,384,-6788863.531723141,16000000.0,16000056,58.413551896608375
150,437520,224074,365,395,-2874705.9967908897,16000000.0,12010161,53.59908333853995
151,437520,207619,360,395,-1912150.5691287604,16000000.0,10867812,52.344978060774785
152,437520,250692,372,395,-4581550.5698779095,16000000.0,13975112,55.74614267706987
153,437520,254744,375,395,-4844207.940520089,16000000.0,14273779,56.03185550984518
154,433971,276186,373,391,-6496438.947222192,16000000.0,16000030,57.93208200270832
155,388671,265928,325,339,-7568652.673977457,16000000.0,16000048,60.16684215276315
156,290513,243296,235,238,-9833115.579606965,16000000.0,16000011,65.7635596146258
157,286557,241800,226,234,-9966512.004998032,16000000.0,16000178,66.17112489660877
158,286557,241800,226,234,-9966512.004998032,16000000.0,16000178,66.17112489660877
159,286557,241800,226,234,-9966512.004998032,16000000.0,16000178,66.17112489660877
160,286557,241800,226,234,-9966512.004998032,16000000.0,16000178,66.17112489660877
161,325255,249773,264,278,-9198226.027362186,16000000.0,16000245,64.05914570429951
162,286557,240860,221,234,-10108399.879302772,16000000.0,16000061,66.42888399900357
163,272907,240234,220,220,-10165655.104910264,16000000.0,16000039,66.60189232165305
164,286557,240482,221,234,-10126036.553509984,16000000.0,16000011,66.53309187382008
165,305325,247366,253,256,-9433300.177826107,16000000.0,16000011,64.68152858517338
166,286557,241311,223,234,-10054167.73033877,16000000.0,16000055,66.3047063747612
167,286557,240498,221,234,-10123361.266266905,16000000.0,16000149,66.52923932839359
168,437520,264330,378,395,-5531754.771307379,16000000.0,15040071,56.89884235614573
169,437520,257432,377,395,-5039239.623586499,16000000.0,14492046,56.29465645296622
170,437520,243884,371,395,-4133127.443528011,16000000.0,13465614,55.21319151727871
171,437520,177508,344,395,-421231.3076351494,16000000.0,8964499,50.50194357437411
172,437520,208625,359,395,-1971000.9166049482,16000000.0,10938244,52.430168963451166
173,437520,205423,358,395,-1791786.0413947492,16000000.0,10723527,52.202173077016695
174,437520,205979,357,395,-1839570.629872418,16000000.0,10772611,52.29955966384923
175,437520,229104,365,395,-3179989.9406497185,16000000.0,12365679,53.97408600460926
176,325255,251154,269,278,-9101328.96353563,16000000.0,16000007,63.70596128271897
177,398987,268599,342,352,-7222137.449208652,16000000.0,16000013,59.56840122264044
178,420384,273842,356,369,-6806198.117679019,16000000.0,16000019,58.427921940388984
179,437520,276910,380,395,-6406305.534387423,16000000.0,16000014,57.780556859629485
180,388671,266805,329,339,-7491334.2755208425,16000000.0,16000012,59.96893611439066
181,339699,256274,285,291,-8548239.716094946,16000000.0,16000008,62.433208206841115
182,398987,268857,341,352,-7171241.027314761,16000000.0,16000043,59.51134989976084
183,407075,270631,346,357,-7042004.17134167,16000000.0,16000022,59.12117237123611
184,339699,256119,285,291,-8558772.989346866,16000000.0,16000027,62.471066184078495
185,437520,192413,351,395,-1143919.2800535592,16000000.0,9904875,51.47716110657804
186,437520,271732,381,395,-6022962.15892086,16000000.0,15592362,57.381397847879526
187,325255,249737,264,278,-9224362.29386687,16000000.0,16000091,64.06776328697791
188,325255,249777,264,278,-9223259.160985414,16000000.0,16000008,64.05717099652891
189,290513,244457,238,238,-9787414.958778406,16000000.0,16000015,65.45124500423387
190,295480,244782,240,246,-9755360.347731683,16000000.0,16000034,65.36442222058811
191,325255,250900,268,278,-9130474.025711011,16000000.0,16000021,63.77051016341172
192,325255,252596,274,278,-8935924.098655077,16000000.0,16000039,63.342408430854015
193,325255,250623,268,278,-9137418.880011382,16000000.0,16000128,63.84141918339498
194,286557,241505,224,234,-10023839.195072493,16000000.0,16000110,66.2516718080371
195,286557,241057,222,234,-10091249.847519321,16000000.0,16000139,66.37491962481903
196,290513,243473,235,238,-9821447.637619296,16000000.0,16000026,65.71581243094717
197,286557,240928,221,234,-10106172.587984292,16000000.0,16000075,66.41019308673131
198,286557,242276,228,234,-9920587.461649815,16000000.0,16000045,66.0405694332084
199,286557,241348,223,234,-10053982.716687556,16000000.0,16000012,66.29436332598571
200,300120,246579,247,250,-9537797.660838528,16000000.0,16000033,64.88806021599568
201,325255,248698,256,278,-9385753.034475083,16000000.0,16000034,64.33519368873091
202,325255,250690,268,278,-9135045.40653433,16000000.0,16000037,63.823993777175
203,325255,251740,270,278,-9027724.690038027,16000000.0,16000159,63.55827043775324
204,295480,245436,244,246,-9646632.373314526,16000000.0,16000036,65.19025733796182
205,325255,252050,271,278,-8997715.546399467,16000000.0,16000096,63.479849236262645
206,295480,245646,245,246,-9630005.231914496,16000000.0,16000013,65.1344332901818
207,300120,246703,248,250,-9506304.793698547,16000000.0,16000047,64.85550236519215
208,295480,244773,240,246,-9754740.759201357,16000000.0,16000049,65.36688687069244
209,300120,246703,248,250,-9506304.793698547,16000000.0,16000047,64.85550236519215
210,330937,253812,277,284,-8829376.918272039,16000000.0,16000028,63.03889493010575
211,381988,263517,314,331,-7835494.280307484,16000000.0,16000020,60.71722127984153
212,407075,270457,345,357,-7053221.3417260805,16000000.0,16000038,59.15926746211043
213,420384,273766,356,369,-6838080.11516677,16000000.0,16000015,58.4441274665225
214,437520,273094,380,395,-6125218.293481019,16000000.0,15704958,57.50751755805693
215,369374,262999,312,321,-7891132.2305254415,16000000.0,16000013,60.836782649363684
216,354974,258869,294,305,-8365346.895644104,16000000.0,16000061,61.80755903565124
217,437520,256314,376,395,-4977150.8076911485,16000000.0,14419909,56.25876464024595
218,420384,273546,354,369,-6882387.641602952,16000000.0,16000110,58.49147858129894
219,437520,270441,380,395,-5943204.889161351,16000000.0,15501482,57.319274814099934
220,390481,266693,331,343,-7427223.698688051,16000000.0,16000049,59.99425931689246
221,420384,273229,354,369,-6888735.067172409,16000000.0,16000078,58.55922321569087
222,437520,259580,378,395,-5206312.254132721,16000000.0,14675493,56.53553047230141
223,437520,260515,378,395,-5269660.056972339,16000000.0,14746408,56.604832735159206
224,433971,276355,375,391,-6484808.263618799,16000000.0,16000005,57.896564201841834
225,437520,276802,380,395,-6410804.22132303,16000000.0,16000008,57.80307945751837
226,437520,276802,380,395,-6410804.22132303,16000000.0,16000008,57.80307945751837
227,437520,273969,381,395,-6191595.173912199,16000000.0,15774967,57.57938671893535
228,437520,261871,379,395,-5361707.176600038,16000000.0,14849405,56.705037976713726
229,437520,268413,380,395,-5822592.327040371,16000000.0,15362378,57.2341056506205
230,437520,269186,381,395,-5871190.958842688,16000000.0,15417493,57.27449793079878
231,407075,269129,344,357,-7131359.075872431,16000000.0,16000040,59.4511925507842
232,433971,275903,370,391,-6514458.862869749,16000000.0,16000032,57.99151150947978
233,437520,276008,380,395,-6342439.938782958,16000000.0,15939041,57.74847468189328
234,437520,274658,379,395,-6249649.586707487,16000000.0,15835595,57.65568452402624
235,407075,270391,346,357,-7038947.140507629,16000000.0,16000060,59.17378906842313
236,359749,260355,301,309,-8184614.385066644,16000000.0,16000014,61.454606210750704
237,381988,265176,320,331,-7650252.5117071,16000000.0,16000006,60.33730805201074
238,359749,260049,300,309,-8201052.808535766,16000000.0,16000055,61.527077589223566
239,388671,266286,329,339,-7498227.870580272,16000000.0,16000057,60.08598649572264
240,381988,262836,314,331,-7856289.329982938,16000000.0,16000177,60.875135065211765
241,354974,259267,296,305,-8291014.9834768465,16000000.0,16000060,61.71267457871615
242,407075,270270,346,357,-7060959.983461662,16000000.0,16000033,59.2001813001813
243,381988,264673,319,331,-7715988.53479219,16000000.0,16000021,60.452033263687646
244,381988,263448,315,331,-7832356.837684327,16000000.0,16000030,60.73316176247305
245,420384,271145,349,369,-6998846.032276052,16000000.0,16000044,59.00917959025614
246,381988,264648,319,331,-7716884.407113409,16000000.0,16000055,60.45787234364136
247,381988,264648,319,331,-7716884.407113409,16000000.0,16000055,60.45787234364136
248,381988,264673,319,331,-7715988.53479219,16000000.0,16000021,60.452033263687646
249,381988,262836,314,331,-7856289.329982938,16000000.0,16000177,60.875135065211765
250,388671,265253,321,339,-7634862.330683481,16000000.0,16000001,60.31977395166125
251,407075,270319,345,357,-7048099.822364621,16000000.0,16000009,59.1893614581291
252,388671,266431,329,339,-7490221.32455277,16000000.0,16000014,60.053124448731566
253,381988,264812,319,331,-7710945.378214658,16000000.0,16000084,60.420539854689366
254,396882,266909,333,350,-7366035.357611061,16000000.0,16000016,59.945584450130944
255,396882,266909,333,350,-7366035.357611061,16000000.0,16000016,59.945584450130944
256,381988,263005,313,331,-7854254.803829707,16000000.0,16000003,60.83535674226726
257,369374,262304,312,321,-7916428.869375992,16000000.0,16000065,60.99817387458826
258,396882,266909,333,350,-7366035.357611061,16000000.0,16000016,59.945584450130944
259,398987,268392,340,352,-7218079.512817029,16000000.0,16000048,59.61447435094936
260,388671,265750,326,339,-7565802.614640823,16000000.0,16000039,60.20710818438382
261,388671,265962,327,339,-7523952.344733761,16000000.0,16000012,60.15901519765982
262,407075,268958,343,357,-7135429.84411571,16000000.0,16000025,59.48893507536493
263,390481,266555,329,343,-7479809.098705109,16000000.0,16000005,60.02515428335616
264,407075,270290,345,357,-7051158.574101393,16000000.0,16000062,59.19590809870879
265,428811,275759,370,384,-6528813.953636919,16000000.0,16000048,58.02185241460841
266,407075,270437,346,357,-7044514.41867494,16000000.0,16000031,59.163616664879434
267,398987,268257,340,352,-7227006.768098368,16000000.0,16000053,59.64449389950681
268,396882,267062,335,350,-7333723.535581439,16000000.0,16000047,59.911357662265694
269,396882,267311,336,350,-7306745.8230892,16000000.0,16000027,59.855475457425996
270,420384,271452,350,369,-6963516.075475652,16000000.0,16000038,58.94242075947129
271,390481,266289,330,343,-7438245.425878192,16000000.0,16000067,60.08534712286276
272,396882,267753,338,350,-7259650.11687469,16000000.0,16000039,59.756712343092325
273,396882,266880,334,350,-7340839.4090812,16000000.0,16000036,59.95217326139089
274,381988,265067,319,331,-7656280.297377529,16000000.0,16000025,60.36219144593631
275,388671,266038,327,339,-7512109.689623699,16000000.0,16000020,60.14185943361475
276,396882,266667,332,350,-7384836.571311891,16000000.0,16000010,59.99996250004688
277,396882,266494,332,350,-7380920.3367928015,16000000.0,16000057,60.03908906016646
278,420384,273436,355,369,-6807096.891714512,16000000.0,16000014,58.51465790898053
279,420384,270935,348,369,-7003765.491008832,16000000.0,16000024,59.054843412626646
280,433971,275863,373,391,-6506321.70167316,16000000.0,16000014,57.999855000489376
281,437520,275995,380,395,-6350851.110683348,16000000.0,15944881,57.77235457164079
282,437520,273279,378,395,-6181926.162357261,16000000.0,15751739,57.63977107644568
283,407075,269765,345,357,-7083847.72481183,16000000.0,16000016,59.310941004207365
284,420384,270594,348,369,-7035047.788636732,16000000.0,16000025,59.1292674634323
285,388671,265901,327,339,-7528155.477618919,16000000.0,16000064,60.173011760015946
286,390481,266688,333,343,-7392105.878329009,16000000.0,16000046,59.995372870170385
287,407075,269691,347,357,-7087303.778515693,16000000.0,16000018,59.32722263627633
288,420384,271289,350,369,-6995577.073361729,16000000.0,16000023,58.977780153268284
289,388671,265829,326,339,-7563750.740775769,16000000.0,16000070,60.18933223989858
290,396882,267686,337,350,-7292024.724671759,16000000.0,16000011,59.77156444490934
291,396882,268237,340,350,-7242161.167859311,16000000.0,16000050,59.64892986426183
292,344985,255609,291,297,-8464987.444001848,16000000.0,16000033,62.59573410951884
293,398987,266824,340,352,-7270432.828777784,16000000.0,16000012,59.96466584715018
294,344985,253842,284,297,-8560260.231762618,16000000.0,16000014,63.03138960455716
295,420384,270061,348,369,-7012800.956102132,16000000.0,16000098,59.246236961279116
296,388671,264368,328,339,-7568553.016792879,16000000.0,16000058,60.5219164195364
297,428811,272032,352,384,-6859500.582538687,16000000.0,16000003,58.81662083872486
298,337500,252313,281,290,-8658869.88425117,16000000.0,16000020,63.41337941366477
299,388671,264435,324,339,-7616509.051037905,16000000.0,16000024,60.506453381738424
300,388671,264403,324,339,-7609904.674065395,16000000.0,16000016,60.513746061882806
301,381988,261707,315,331,-7881779.905220816,16000000.0,16000009,61.13710752864845
302,420384,271234,349,369,-6927696.513909969,16000000.0,16000033,58.98977635547166
303,325255,248026,264,278,-9289562.063365087,16000000.0,16000004,64.50938208091087
304,325255,247666,261,278,-9350227.725059696,16000000.0,16000012,64.60318331947057
305,325255,248181,264,278,-9226963.933803527,16000000.0,16000053,64.46929055810074
306,330937,250926,272,284,-8910490.688465422,16000000.0,16000095,63.764197412783055
307,325255,247938,264,278,-9261895.022909386,16000000.0,16000065,64.53252426009728
308,325255,248181,264,278,-9226963.933803527,16000000.0,16000053,64.46929055810074
309,325255,248910,268,278,-9120964.462246668,16000000.0,16000081,64.28058736089349
310,305325,247186,254,256,-9433671.056722516,16000000.0,16000041,64.72875081922115
311,325255,247792,264,278,-9296729.976057194,16000000.0,16000005,64.57030493316975
312,305325,247391,255,256,-9421722.215666384,16000000.0,16000014,64.67500434534806
313,325255,247792,264,278,-9296729.976057194,16000000.0,16000005,64.57030493316975
314,325255,248466,268,278,-9151715.577563765,16000000.0,16000146,64.39571611407597
315,325255,248308,268,278,-9156233.832121752,16000000.0,16000060,64.43634518420671
316,325255,247400,259,278,-9373405.250816736,16000000.0,16000019,64.67267178658044
317,300120,245822,249,250,-9509329.461307213,16000000.0,16000042,65.0879172734743
318,300120,245681,248,250,-9535073.140213722,16000000.0,16000042,65.12527220257162
319,325255,247219,255,278,-9424328.344620029,16000000.0,16000039,64.72010241931243
320,305325,246301,252,256,-9461167.357815921,16000000.0,16000175,64.96187591605393
321,295480,243578,238,246,-9795847.997323202,16000000.0,16000053,65.68759493878757
322,295480,243681,238,246,-9789495.67629757,16000000.0,16000051,65.65982165207792
323,290513,243020,237,238,-9826252.222950127,16000000.0,16000044,65.83838367212576
324,305325,246458,254,256,-9451302.155523866,16000000.0,16000036,64.91992956203491
325,305325,245889,252,256,-9474348.78287405,16000000.0,16000031,65.07013733839253
326,305325,245674,250,256,-9507059.253865954,16000000.0,16000059,65.12719701718538
327,300120,244671,245,250,-9596824.612451322,16000000.0,16000012,65.3939862100535
328,305325,246311,253,256,-9454635.919748649,16000000.0,16000094,64.95890967110685
329,295480,243999,243,246,-9685981.600301063,16000000.0,16000010,65.57408022164026
330,396882,265641,331,350,-7369186.939329404,16000000.0,16000008,60.23169616136063
331,420384,270603,348,369,-6928302.674093717,16000000.0,16000017,59.127271316282524
332,437520,248645,364,395,-4788068.943992716,16000000.0,14035226,56.446845904804036
333,437520,249382,365,395,-4839208.10137539,16000000.0,14090226,56.50057341748803
334,354974,257297,295,305,-8349971.418672422,16000000.0,16000045,62.18512069709324
335,247730,233224,195,196,-10765460.734532954,16000000.0,16000031,68.60370716564333
336,247730,233235,195,196,-10766822.76535625,16000000.0,16000067,68.60062597809076
337,260159,237416,207,207,-10495629.322888497,16000000.0,16000051,67.39247144253126
338,286557,241642,231,234,-9912670.15991456,16000000.0,16000016,66.21372112463892
339,300120,244397,245,250,-9625882.04799637,16000000.0,16000036,65.46739935432923
340,305325,246752,254,256,-9444847.577243218,16000000.0,16000030,64.84255446764362
341,437520,257783,367,395,-5459345.274457258,16000000.0,14760225,57.25833355962185
342,381988,261903,314,331,-7831991.099077846,16000000.0,16000071,61.091591161613266
343,381988,261699,312,331,-7894441.868037078,16000000.0,16000200,61.139706303807046
344,388671,263707,319,339,-7686157.310246845,16000000.0,16000024,60.67348989598304
345,381988,262384,312,331,-7876216.380631558,16000000.0,16000027,60.979430910421364
346,337500,252871,280,290,-8762668.935269365,16000000.0,16000046,63.27355054553507
347,339699,254145,284,291,-8609005.713777585,16000000.0,16000006,62.95621003757697
348,381988,262827,316,331,-7815655.420550479,16000000.0,16000029,60.876656507893024
349,388671,264817,322,339,-7664277.453429629,16000000.0,16000026,60.419180037535355
350,381988,262397,314,331,-7886493.613968097,16000000.0,16000019,60.976379303117035
351,396882,267186,335,350,-7310331.23848838,16000000.0,16000016,59.88343700642998
352,325255,250274,267,278,-9153723.175097432,16000000.0,16000062,63.93018052214773
353,354974,259056,294,305,-8317574.623579467,16000000.0,16000075,61.7629971897968
354,407075,268548,339,357,-7227930.859162197,16000000.0,16000044,59.57982930425845
355,354974,258807,294,305,-8331455.5072247265,16000000.0,16000047,61.82231160671852
356,337500,253252,277,290,-8753342.42865331,16000000.0,16000004,63.17819405177452
357,396882,267419,334,350,-7347289.206529507,16000000.0,16000027,59.83130218870013
358,337500,253933,281,290,-8669289.752507845,16000000.0,16000069,63.00901812682873
359,325255,249882,265,278,-9188256.77410898,16000000.0,16000011,64.03026628568685
360,337500,254290,281,290,-8658592.691620978,16000000.0,16000075,62.920582799166304
361,347666,257416,289,297,-8410938.676357785,16000000.0,16000002,62.15620629642291
362,437520,276594,378,395,-6420347.20512948,16000000.0,15963066,57.712987266535066
363,381988,263995,316,331,-7787582.05984251,16000000.0,16000056,60.60742059508703
364,381988,263870,315,331,-7791908.875766915,16000000.0,16000003,60.635930571872514
365,381988,264455,317,331,-7755311.090973518,16000000.0,16000042,60.50194551057836
366,388671,265198,320,339,-7660812.511461105,16000000.0,16000001,60.33228380304527
367,407075,270932,342,357,-7080028.271939668,16000000.0,16000017,59.055471483619506
368,359749,259659,301,309,-8234015.736316171,16000000.0,16000065,61.619527919309554
369,361846,261070,302,313,-8111896.506640338,16000000.0,16000076,61.28653617803654
370,361846,260815,301,313,-8141914.456202131,16000000.0,16000026,61.34626459367751
371,398987,268110,339,352,-7262471.010241986,16000000.0,16000009,59.67703181529969
372,359749,259750,300,309,-8221481.8178786915,16000000.0,16000076,61.59798267564966
373,396882,266609,331,350,-7420024.257359789,16000000.0,16000005,60.01299656050621
374,420384,272185,350,369,-6980701.027657608,16000000.0,16000061,58.78377206679281
375,407075,269261,342,357,-7185685.714463129,16000000.0,16000056,59.42210717482294
376,381988,264316,319,331,-7693075.301292292,16000000.0,16000172,60.53425445300322
377,420384,273276,352,369,-6929327.586644381,16000000.0,16000143,58.549389628068326
378,437520,234219,364,395,-3652988.18211663,16000000.0,12827289,54.7662187952301
379,437520,234525,365,395,-3682131.8010921692,16000000.0,12858055,54.82594606118751
380,437520,217626,360,395,-2689888.4829156776,16000000.0,11682797,53.68291013022341
381,437520,160041,333,395,-201501.09915492983,16000000.0,8213740,51.322723552089776
382,437520,201825,356,395,-2089965.3470400283,16000000.0,10812276,53.57253065774805
383,437520,201323,357,395,-2164083.215109398,16000000.0,10845271,53.87000491747093
384,437520,165269,332,395,-596453.5809874815,16000000.0,8625981,52.19358137339731
385,437520,134697,300,395,565766.4012695097,16000000.0,6825564,50.67346711508051
386,437520,155004,314,395,-388313.824032242,16000000.0,8100303,52.2586707439808
387,437520,159294,317,395,-518615.7501664699,16000000.0,8333237,52.31356485492235
388,437520,153946,312,395,-351377.6566045008,16000000.0,8039677,52.22400711937952
389,437520,161647,320,395,-589607.9625102998,16000000.0,8461747,52.34707108699821
390,437520,162741,318,395,-706361.6325029809,16000000.0,8569195,52.65541566046663
391,437520,174063,338,395,-972906.6728774002,16000000.0,9151187,52.57399332425616
392,437520,171821,335,395,-867146.8344824597,16000000.0,9006971,52.42066452878286
393,437520,168048,330,395,-700087.9429946705,16000000.0,8773050,52.20561982290774
394,437520,160405,321,395,-401705.7049989421,16000000.0,8314672,51.83549141236246
395,437520,165487,325,395,-587051.5968036702,16000000.0,8606485,52.007015656818965
396,437520,156291,316,395,-316743.2153251197,16000000.0,8109615,51.88792060963203
397,437520,142519,310,395,390300.88691605144,16000000.0,7218518,50.64951339821357
398,437520,157625,317,395,-296007.62843981275,16000000.0,8152865,51.72317208564631
399,437520,167241,333,395,-592309.0423472297,16000000.0,8683595,51.922644566822726
400,437520,170885,338,395,-750156.3444668205,16000000.0,8909149,52.13534833367469
401,437520,171841,339,395,-791988.879759249,16000000.0,8967379,52.18416443107291
402,437520,188335,348,395,-1501107.9001676494,16000000.0,9980695,52.994371731223616
403,437520,165747,337,395,-425264.38994480984,16000000.0,8540853,51.529457546742925
404,437520,176134,341,395,-938236.4498586695,16000000.0,9211864,52.30031680425131
405,437520,172486,340,395,-737880.5791349604,16000000.0,8967620,51.99042241109424
406,437520,173887,342,395,-765970.994713268,16000000.0,9033394,51.949794981798526
407,437520,175750,341,395,-900648.583687399,16000000.0,9174800,52.20369843527738
408,437520,163364,334,395,-243133.3719161109,16000000.0,8360046,51.17434685732475
409,437520,163296,334,395,-209268.64573323986,16000000.0,8330632,51.015530080344895
410,437520,169923,339,395,-536810.3018359103,16000000.0,8758868,51.54610029248542
411,437520,158441,333,395,79613.06213727982,16000000.0,7991885,50.440763438756385
412,437520,169716,339,395,-439097.31463037035,16000000.0,8695538,51.235817483325086
413,437520,140506,314,395,694870.8801274896,16000000.0,6974411,49.63781617866853
414,437520,120432,302,395,1694531.813381761,16000000.0,5703741,47.360676564368276
415,437520,202623,358,395,-2070787.4488128077,16000000.0,10819516,53.39727474176179
416,437520,130375,312,395,1294710.5458525305,16000000.0,6294533,48.28021476510067
417,437520,162209,336,395,-90018.5229797302,16000000.0,8223287,50.69562724633035
418,437520,106748,288,395,2104710.779793831,16000000.0,4969450,46.553097013527186
419,437520,100515,292,395,2509050.28696825,16000000.0,4525013,45.01828582798587
420,437520,111538,288,395,1788660.1093765208,16000000.0,5314227,47.644990944790116
421,437520,104426,286,395,2249547.84205439,16000000.0,4810015,46.061469365866735
422,437520,93991,283,395,2687390.19669546,16000000.0,4183947,44.514336479024585
423,437520,85510,276,395,2896585.43816245,16000000.0,3749111,43.84412349432815
424,437520,101833,287,395,2302577.0947558302,16000000.0,4683050,45.9875482407471
425,437520,106463,295,395,2269525.0938057997,16000000.0,4876895,45.808355954650914
426,437520,88064,278,395,2839076.147639259,16000000.0,3877688,44.032612645348834
427,437520,102105,281,395,2291354.8690366005,16000000.0,4699367,46.02484697125508
428,437520,88169,281,395,2892792.623262601,16000000.0,3854892,43.72162551463666
429,437520,108249,287,395,1983305.9389426005,16000000.0,5090030,47.02149673438092
430,437520,109486,297,395,2131375.777949091,16000000.0,5070124,46.308422994720786
431,437520,106056,288,395,2202671.5416805805,16000000.0,4899711,46.19928151165422
432,437520,109923,292,395,2088689.3985871004,16000000.0,5106482,46.455082193899365
433,437520,100322,285,395,2395991.73565278,16000000.0,4580763,45.66060285879468
434,437520,116304,297,395,1728884.9543872506,16000000.0,5526420,47.517024349979366
435,437520,116660,295,395,1733297.4020984513,16000000.0,5539613,47.4851105777473
436,437520,192454,353,395,-1592106.3117357588,16000000.0,10184058,52.91684246625167
437,437520,129541,311,395,1253194.6290983702,16000000.0,6278154,48.464609660262
438,437520,120206,300,395,1622990.383756471,16000000.0,5732607,47.68985741144369
439,437520,116065,298,395,1808991.384859711,16000000.0,5481264,47.22581312195752
440,437520,113329,298,395,1986925.0065387015,16000000.0,5290188,46.67991423201475
441,437520,97954,287,395,2553972.817761469,16000000.0,4399996,44.91900279723135
442,437520,67271,261,395,3359205.4774245094,16000000.0,2815394,41.851525917557346
443,437520,59319,251,395,3538163.2711194204,16000000.0,2428219,40.93492810060857
444,437520,127720,307,395,1466780.9056507202,16000000.0,6099567,47.757336360789225
445,437520,120109,300,395,1669201.782151671,16000000.0,5700007,47.45695160229458
446,437520,154721,332,395,310854.50776426,16000000.0,7729598,49.95829913198596
447,437520,88765,287,395,2899650.48588846,16000000.0,3875778,43.66335830563848
448,437520,157031,333,395,128255.83664175024,16000000.0,7911753,50.38338289891805
449,437520,114106,300,395,1947223.802585611,16000000.0,5340876,46.80626785620388
450,437520,86821,281,395,2927908.56042277,16000000.0,3786431,43.61192568618191
451,437520,107220,297,395,2271882.0449331207,16000000.0,4911979,45.812152583473235
452,437520,83880,283,395,3037369.282767081,16000000.0,3619540,43.15140677157844
453,437520,106266,296,395,2260396.175764131,16000000.0,4881028,45.932170214367716
454,437520,93993,286,395,2652660.3890792,16000000.0,4195210,44.63321736725075
455,437520,137224,315,395,987023.7658769503,16000000.0,6711335,48.90788054567714
456,437520,122610,300,395,1468342.1582766203,16000000.0,5896840,48.094282684935976
457,437520,97953,288,395,2563454.8611303405,16000000.0,4402613,44.946178269169906
458,437520,76713,276,395,3215509.344150101,16000000.0,3261605,42.51697886929204
459,437520,90340,288,395,2828596.1959030894,16000000.0,3973586,43.984790790347574
460,437520,113555,298,395,1935393.9318924607,16000000.0,5326509,46.90686451499273
461,437520,99063,296,395,2566622.7543928795,16000000.0,4439736,44.81729808303807
462,437520,80567,281,395,3122658.1273907498,16000000.0,3449432,42.814452567428354
463,437520,58268,255,395,3621957.3172982302,16000000.0,2347681,40.2910860163383
464,437520,68144,263,395,3349399.1794471103,16000000.0,2856946,41.925129138295375
465,437520,87212,286,395,2958681.359674861,16000000.0,3789159,43.44767921845617
466,437520,81032,279,395,3095561.1016050098,16000000.0,3484772,43.00488695823872
467,437520,62393,261,395,3564063.39063105,16000000.0,2536389,40.65181991569567
468,437520,90408,289,395,2833314.3664560607,16000000.0,3975105,43.96850942394478
469,437520,104911,294,395,2335197.188983811,16000000.0,4790447,45.66200875027404
470,437520,63639,259,395,3455807.27403473,16000000.0,2638042,41.4532283662534
471,437520,69928,269,395,3398963.19661885,16000000.0,2917733,41.724816954581854
472,437520,83645,278,395,2993508.5599073395,16000000.0,3625506,43.34396556877279
473,437520,81269,280,395,3091037.49302593,16000000.0,3497309,43.03373980238467
474,437520,62052,258,395,3575876.4206803804,16000000.0,2525859,40.70552117578805
475,437520,60389,256,395,3572093.4711620407,16000000.0,2455425,40.66013677987713
476,437520,75664,274,395,3212485.10256223,16000000.0,3224210,42.61220659758934
477,437520,51570,239,395,3664229.001434409,16000000.0,2051807,39.78683343028893
478,437520,51919,242,395,3674800.8150822106,16000000.0,2061764,39.7111654692887
479,437520,86263,285,395,2967474.4767952496,16000000.0,3752718,43.50321690643729
480,437520,62814,257,395,3491007.533822941,16000000.0,2593140,41.28283503677524
481,437520,70400,266,395,3268056.57077636,16000000.0,2986576,42.422954545454544
482,437520,67491,264,395,3415227.4482841403,16000000.0,2812450,41.6714821235424
483,437520,61804,260,395,3558814.69584,16000000.0,2517165,40.72818911397321
484,437520,63520,258,395,3486912.9618564905,16000000.0,2617491,41.20735201511335
485,437520,52863,241,395,3663170.060790149,16000000.0,2104224,39.805232393167245
486,437520,35346,216,395,3683899.9318080205,16000000.0,1503850,42.546539919651444
487,437520,149236,331,395,534080.5534720104,16000000.0,7411687,49.66420300731727
488,437520,156813,333,395,169044.70030103988,16000000.0,7882290,50.26553920912169
489,437520,34851,215,395,3671090.379623721,16000000.0,1495531,42.91214025422513
490,437520,87339,279,395,2871283.0246301703,16000000.0,3835899,43.919657884793736
491,437520,49854,234,395,3650583.5448972206,16000000.0,2000959,40.136378224415296
492,437520,65943,263,395,3489239.2466276605,16000000.0,2723665,41.30332256645891
493,437520,67437,265,395,3459061.9958784906,16000000.0,2786373,41.31816361937808
494,437520,59733,249,395,3522001.211504391,16000000.0,2448433,40.98962047779285
495,437520,35337,217,395,3645339.79947432,16000000.0,1538328,43.53306732320231
496,437520,68944,267,395,3417537.1679086806,16000000.0,2864778,41.55224530053377
497,437520,36219,217,395,3682215.177112252,16000000.0,1535515,42.395289765040445
498,437520,120048,304,395,1659340.9491650707,16000000.0,5714691,47.60338364654138
499,437520,58821,254,395,3631436.48939634,16000000.0,2362779,40.16897026572143
500,437520,46542,231,395,3718012.9386140904,16000000.0,1829896,39.31708994026901
501,437520,35507,215,395,3648542.436303492,16000000.0,1533656,43.1930605232771
502,437520,36456,217,395,3685621.9698445513,16000000.0,1539399,42.22621790651745
503,437520,27968,209,395,3595457.8490082505,16000000.0,1337713,47.83012728832952
504,437520,66366,265,395,3460836.7740995497,16000000.0,2746067,41.37761805743905
505,437520,31111,213,395,3617027.9131924906,16000000.0,1428017,45.900710359679856
506,437520,39225,223,395,3622533.0508232513,16000000.0,1684994,42.957144678138945
507,437520,218695,361,395,-2910682.6721856673,16000000.0,11880571,54.32484053133359
508,437520,28224,211,395,3628097.4689301406,16000000.0,1322339,46.8515802154195
509,437520,31855,214,395,3631478.274188821,16000000.0,1439412,45.186375765186
510,437520,119759,302,395,1694359.790486981,16000000.0,5686478,47.482677711069734
511,437520,69117,267,395,3419537.89691121,16000000.0,2880918,41.681757020704026
512,437520,33446,216,395,3653914.0371581214,16000000.0,1470527,43.967200861089516
513,437520,48869,236,395,3705248.9953523995,16000000.0,1921716,39.32382491968323
514,437520,34755,217,395,3634420.5680607203,16000000.0,1527802,43.959200115091356
515,437520,32547,215,395,3608429.936718141,16000000.0,1483297,45.574000675945555
516,437520,28952,211,395,3649408.874836841,16000000.0,1334429,46.09108179054988
517,437520,34903,215,395,3709903.8218598706,16000000.0,1466702,42.02223304586998
518,437520,93866,295,395,2783503.8777590706,16000000.0,4133673,44.03802228709011
519,437520,90206,287,395,2858306.05218199,16000000.0,3950705,43.79647695275259
520,437520,87642,284,395,2870444.3225734094,16000000.0,3846010,43.88318386161886
521,437520,71178,271,395,3396474.58014656,16000000.0,2963794,41.63918626541909
522,437520,46237,229,395,3615739.915387381,16000000.0,1909650,41.30133875467699
523,437520,30807,213,395,3610112.913044121,16000000.0,1420807,46.11961567176291
524,437520,27050,209,395,3594715.8179985397,16000000.0,1302911,48.166765249537896
525,437520,74756,269,395,3085438.761533331,16000000.0,3258097,43.583083632083046
526,437520,31388,214,395,3627000.5758170206,16000000.0,1430494,45.57455078373901
527,437520,28385,211,395,3632298.7206898406,16000000.0,1324705,46.669191474370265
528,437520,27830,210,395,3617296.2867759396,16000000.0,1315775,47.27901545095221
529,437520,69138,264,395,3303652.6587068895,16000000.0,2925070,42.307703433712284
530,437520,61127,240,395,3154943.2563330894,16000000.0,2703255,44.223583686423346
531,437520,89573,285,395,2783906.5289536305,16000000.0,3970733,44.32957476025142
532,437520,32649,215,395,3629968.7380136102,16000000.0,1464747,44.86345676743545
533,437520,30303,212,395,3593757.4616024205,16000000.0,1413311,46.63930963930964
534,437520,33916,214,395,3529208.0831712317,16000000.0,1568130,46.23569996461847
535,437520,31028,213,395,3607517.3975719204,16000000.0,1426353,45.96986592754931
536,437520,88114,284,395,2803788.59769115,16000000.0,3901808,44.281362780034954
537,437520,35440,214,395,3442155.4836467803,16000000.0,1678565,47.36357223476298
538,437520,72325,261,395,3120348.48675894,16000000.0,3139509,43.4083511925337
539,437520,32443,213,395,3616497.3915649103,16000000.0,1465723,45.17840520297136
540,437520,116549,301,395,1882022.8340953903,16000000.0,5464994,46.89009772713623
541,437520,40036,224,395,3647976.6479857718,16000000.0,1692127,42.26513637726047
542,437520,38783,219,395,3413373.1545354226,16000000.0,1807999,46.61833793156796
543,437520,171045,338,395,-523054.4710869693,16000000.0,8792917,51.40703908328218
544,437520,27056,209,395,3596019.6232974394,16000000.0,1303049,48.161184210526315
545,437520,31509,212,395,3671385.5278548202,16000000.0,1391431,44.159795613951566
546,437520,75266,277,395,3325717.3954513003,16000000.0,3160388,41.98958361012941
547,437520,80350,282,395,3112747.1437934097,16000000.0,3453060,42.97523335407592
548,437520,37245,218,395,3678673.2643734207,16000000.0,1565689,42.03756208887099
549,437520,26022,204,395,3593164.47940467,16000000.0,1268742,48.75651371916071
550,437520,78132,280,395,3235188.49238579,16000000.0,3304246,42.2905595658629
551,437520,27061,209,395,3596069.5323433396,16000000.0,1303060,48.152692066072944
552,437520,27797,209,395,3587466.099070279,16000000.0,1336744,48.08950606180523
553,437520,30111,211,395,3613325.6593512297,16000000.0,1390206,46.16937331872073
554,437520,45339,227,395,3474110.2992291204,16000000.0,1986913,43.82348529963166
555,437520,56944,237,395,3244903.55121631,16000000.0,2511671,44.107737426243325
556,437520,95191,281,395,2492502.4053842793,16000000.0,4328528,45.472029918794846
557,437520,34843,216,395,3589367.820219861,16000000.0,1564468,44.90049651292943
558,437520,34964,216,395,3565912.7724990714,16000000.0,1583450,45.288010525111545
559,437520,88875,284,395,2760334.10931748,16000000.0,3957254,44.526064697609
560,437520,27095,209,395,3597817.1979910396,16000000.0,1303432,48.10599741649751
561,437520,31300,212,395,3589066.375549451,16000000.0,1448963,46.29274760383387
562,437520,169064,344,395,-238929.73274338976,16000000.0,8560937,50.63725571381252
563,437520,69605,253,395,3107908.322543661,16000000.0,3032713,43.57033259104949
564,437520,37404,221,395,3459762.1128478507,16000000.0,1725597,46.134023099133785
565,437520,53609,233,395,3355658.7662745495,16000000.0,2308507,43.061929899830254
566,437520,223275,363,395,-3199318.2945440277,16000000.0,12216692,54.71589743589744
567,437520,34175,214,395,3722136.707964142,16000000.0,1431928,41.89986832479883
568,437520,40007,222,395,3577169.174185791,16000000.0,1732639,43.30839603069463
569,437520,28986,211,395,3609034.9197371295,16000000.0,1364182,47.063478920858344
570,437520,89999,276,395,2585285.93469945,16000000.0,4090734,45.45310503450038
571,437520,54226,230,395,3083083.18102659,16000000.0,2521104,46.492531258068084
572,437520,61852,239,395,3123928.19482241,16000000.0,2729422,44.128273944254026
573,437520,102876,289,395,2240474.0801256206,16000000.0,4749775,46.169903573233796
574,437520,84222,268,395,2657307.223029669,16000000.0,3818510,45.338628861817575
575,437520,45696,226,395,3346652.4026580206,16000000.0,2071795,45.33865108543417
576,437520,26131,204,395,3601989.3271999694,16000000.0,1270516,48.62102483640121
577,437520,76653,272,395,3082403.720390571,16000000.0,3327967,43.416004592122945
578,437520,148708,326,395,452227.546399411,16000000.0,7431420,49.97323614062458
579,437520,26260,204,395,3609751.2447318705,16000000.0,1272770,48.46801218583397
580,437520,38259,218,395,3486074.998364862,16000000.0,1734611,45.338639274419094
581,437520,40436,221,395,3380981.658274261,16000000.0,1880622,46.50860619250173
582,437520,118116,303,395,1808357.34932383,16000000.0,5571149,47.16675979545531
583,437520,115930,304,395,1921145.4381226401,16000000.0,5420551,46.75710342448029
584,437520,118324,304,395,1911745.937963,16000000.0,5513839,46.599497988573745
585,437520,30521,212,395,3599405.9751270204,16000000.0,1417036,46.428229743455326
586,437520,31714,214,395,3503557.58587211,16000000.0,1516249,47.8100838746295
587,437520,44207,225,395,3461479.4342253115,16000000.0,1949291,44.09462302350307
588,437520,83609,283,395,2979952.4400699697,16000000.0,3653756,43.70051071056944
589,437520,89298,285,395,2741296.9015850495,16000000.0,3988703,44.667327375753096
590,437520,32738,213,395,3556241.223578291,16000000.0,1514723,46.26803714338078
591,437520,30638,213,395,3593040.7698756107,16000000.0,1422929,46.44327305959919
592,437520,28412,209,395,3538688.131267539,16000000.0,1383890,48.70794030691257
593,437520,46257,227,395,3247560.225249891,16000000.0,2159266,46.67976738655771
594,437520,81352,271,395,2875944.9852352794,16000000.0,3621051,44.51090323532304
595,437520,38978,220,395,3391241.3789304704,16000000.0,1817669,46.633203345476936
596,437520,44043,226,395,3323373.641424211,16000000.0,2035452,46.21510796267284
597,437520,32002,213,395,3543366.871345791,16000000.0,1499890,46.86863321042435
598,437520,34968,214,395,3557199.3604846527,16000000.0,1584984,45.32669869595058
599,437520,39325,220,395,3516072.06807598,16000000.0,1746350,44.408137317228224
600,437520,94177,280,395,2491354.21379083,16000000.0,4288820,45.539993841383776
601,437520,35908,216,395,3437512.128945841,16000000.0,1702713,47.41876462069734
602,437520,49403,226,395,3174948.4042207305,16000000.0,2300477,46.565532457543064
603,437520,27575,210,395,3611183.8036499396,16000000.0,1311795,47.57189483227561
604,437520,66639,261,395,3365514.869729831,16000000.0,2805161,42.09488437701646
605,437520,34203,213,395,3641860.9172398504,16000000.0,1499058,43.828260678887816
606,437520,27426,209,395,3610676.494926741,16000000.0,1308421,47.70732151972581
607,437520,30475,211,395,3503289.24124448,16000000.0,1468402,48.183822805578345
608,437520,27713,209,395,3557915.470578529,16000000.0,1343815,48.49041965864396
609,437520,49846,228,395,3235814.7343668113,16000000.0,2281706,45.77510733057818
610,437520,51114,229,395,3323691.9639453012,16000000.0,2264520,44.30332198614861
611,437520,37187,217,395,3546384.0924828006,16000000.0,1663206,44.725468577728776
612,437520,102841,286,395,2182391.416434731,16000000.0,4778357,46.46354080570978
613,437520,73311,262,395,3047208.44898024,16000000.0,3217713,43.891271432663586
614,437520,51124,228,395,3039757.3185064704,16000000.0,2447200,47.86792895704561
615,437520,98396,291,395,2426272.526869919,16000000.0,4491378,45.64594089190617
616,437520,27694,207,395,3526458.900565531,16000000.0,1362462,49.197010182711054
617,437520,48633,228,395,3281837.7456354112,16000000.0,2216546,45.5769950445171
618,437520,46937,225,395,3167440.2394772707,16000000.0,2220285,47.30351321984788
619,437520,28450,209,395,3516060.37780421,16000000.0,1394392,49.012021089630935
620,437520,221939,362,395,-3203671.956899705,16000000.0,12164497,54.81009196220583
621,437520,99328,281,395,2134044.7940681595,16000000.0,4672693,47.04305935889175
622,437520,87385,275,395,2616394.7512615495,16000000.0,3978615,45.52972478114093
623,437520,37374,217,395,3401860.940787492,16000000.0,1774592,47.48199282923958
624,437520,77361,260,395,2844439.4619704387,16000000.0,3476205,44.934850893861245
625,437520,46177,225,395,3111177.804419961,16000000.0,2239600,48.500335664941424
626,437520,28968,209,395,3506113.42111092,16000000.0,1415391,48.86050124275062
627,437520,43028,224,395,3440258.1649347604,16000000.0,1919868,44.61903876545505
628,437520,54112,229,395,3186635.19854906,16000000.0,2442256,45.13335304553519
629,437520,64677,253,395,3329043.688828001,16000000.0,2740109,42.366049754936064
630,437520,47105,226,395,3293621.807693341,16000000.0,2147178,45.58280437320879
631,437520,26968,208,395,3567674.0623099795,16000000.0,1312965,48.6860353010976
632,437520,57916,232,395,3114414.4676240403,16000000.0,2596080,44.82491884798674
633,437520,30170,212,395,3536487.3781333216,16000000.0,1449267,48.0366920782234
634,437520,35423,216,395,3476849.735174401,16000000.0,1651683,46.62741721480394
635,437520,32749,212,395,3444990.9198351996,16000000.0,1586939,48.457632294115854
636,437520,46741,227,395,3481751.1513598906,16000000.0,1999196,42.77178494255578
637,437520,33219,211,395,3448321.94813421,16000000.0,1590393,47.87600469610765
638,437520,41630,221,395,3361094.060416721,16000000.0,1930133,46.36399231323565
639,437520,45632,227,395,3388031.02438291,16000000.0,2041760,44.74403927068724
640,437520,76189,269,395,3028769.6257873503,16000000.0,3343404,43.88302773366234
641,437520,53377,232,395,3295428.46090381,16000000.0,2329658,43.64535286733987
642,437520,31387,212,395,3563314.43001184,16000000.0,1466870,46.73495396183133
643,437520,53931,230,395,3036006.1834917003,16000000.0,2530569,46.922345218890804
644,437520,85723,272,395,2611544.77937582,16000000.0,3910513,45.61801383526008
645,437520,77383,261,395,2879576.7680219393,16000000.0,3458817,44.69737539252807
646,437520,34695,213,395,3533884.661224761,16000000.0,1592782,45.90811356103185
647,437520,33175,214,395,3519821.089429631,16000000.0,1553255,46.82004521477016
648,437520,45991,228,395,3605665.1225367314,16000000.0,1878534,40.8456871996695
649,437520,29743,211,395,3516481.7412017207,16000000.0,1441823,48.47604478364657
650,437520,33850,213,395,3417041.3038756596,16000000.0,1633118,48.245731166912854
651,437520,36460,215,395,3331615.2037335304,16000000.0,1780158,48.82495885902359
652,437520,95331,279,395,2305332.4488133197,16000000.0,4432014,46.49079522925386
653,437520,48768,230,395,3550626.0618790314,16000000.0,2018375,41.38728264435696
654,437520,236557,368,395,-4214851.909621901,16000000.0,13310629,56.26816792570078
655,437520,39533,217,395,3597727.650297972,16000000.0,1683650,42.58847039182455
656,437520,41753,224,395,3478683.532757261,16000000.0,1849133,44.28742844825521
657,437520,29201,210,395,3525582.27797844,16000000.0,1414476,48.43930002397178
658,437520,50837,229,395,3251186.460169441,16000000.0,2289798,45.041957629285754
659,437520,49639,229,395,3364962.3963063094,16000000.0,2171306,43.74193678357743
660,437520,32015,212,395,3607479.8523466103,16000000.0,1458877,45.56854599406528
661,437520,92133,282,395,2663529.53972645,16000000.0,4121650,44.73587096914243
662,437520,49176,231,395,3516161.020244661,16000000.0,2048284,41.65210671872458
663,437520,58463,233,395,3124840.1171808313,16000000.0,2607741,44.604980928108375
664,437520,38773,219,395,3765988.628612042,16000000.0,1535091,39.59175199236582
665,437520,29654,210,395,3515028.23192039,16000000.0,1428937,48.18698995076549
666,437520,50146,228,395,3346840.9259342505,16000000.0,2202569,43.923124476528535
667,437520,35298,214,395,3549994.7934331205,16000000.0,1598310,45.28046914839368
668,437520,34164,215,395,3511722.8511440405,16000000.0,1584636,46.38321039690903
669,437520,60881,239,395,3171820.752665329,16000000.0,2663932,43.75637719485554
670,437520,29517,210,395,3556277.2417302686,16000000.0,1401269,47.47328658061456
671,437520,52039,232,395,3386407.828291942,16000000.0,2229589,42.84457810488288
672,437520,29158,210,395,3569647.0201976798,16000000.0,1391762,47.731737430550794
673,437520,51561,230,395,3275368.251610729,16000000.0,2301922,44.6446345105797
674,437520,33916,213,395,3423056.33600657,16000000.0,1637119,48.2698136572709
675,437520,76402,271,395,3076553.52705983,16000000.0,3321715,43.476806889871995
676,437520,33725,214,395,3611307.827125591,16000000.0,1514514,44.907753891771684
677,437520,25806,203,395,3574471.6055742707,16000000.0,1265207,49.02762923351159
678,437520,53610,233,395,3309815.161442441,16000000.0,2323079,43.33294161537027
679,437520,47498,229,395,3540345.205250911,16000000.0,1983732,41.7645374542086
680,437520,42853,222,395,3395577.966722581,16000000.0,1939527,45.2600051338296
681,437520,27501,207,395,3581752.27473389,16000000.0,1330009,48.36220501072688
682,437520,31075,211,395,3623330.1346698618,16000000.0,1414461,45.51765084473049
683,437520,27569,209,395,3609292.3777939393,16000000.0,1311793,47.58217563205049
684,437520,73464,257,395,2930367.197313059,16000000.0,3277863,44.61862953283241
685,437520,42860,225,395,3338730.2830610513,16000000.0,1988570,46.39687354176388
686,437520,54565,230,395,3208198.0935249613,16000000.0,2428023,44.49780995143407
687,437520,36733,216,395,3465523.511746761,16000000.0,1705228,46.42223613644407
688,437520,34240,217,395,3552172.651645531,16000000.0,1573515,45.95546144859813
689,437520,58630,233,395,3069647.4487324106,16000000.0,2652247,45.2370288248337
690,437520,36346,217,395,3544214.1987479217,16000000.0,1641578,45.16530017058273
691,437520,42622,220,395,3355376.715790012,16000000.0,1963954,46.07841021068931
692,437520,30482,212,395,3540496.156655921,16000000.0,1454603,47.72006430024277
693,437520,39536,216,395,3400939.9289287413,16000000.0,1827928,46.23452043707001
694,437520,33557,214,395,3692280.234609851,16000000.0,1442543,42.98784158297821
695,437520,34416,216,395,3566936.9168101316,16000000.0,1559303,45.307502324500234
696,437520,38994,217,395,3557026.132516471,16000000.0,1705611,43.74034466841052
697,437520,36955,216,395,3592062.1043182523,16000000.0,1620534,43.85154918143688
698,437520,70351,256,395,3158350.92565416,16000000.0,3046545,43.30492814601072
699,437520,28855,210,395,3509112.8641007496,16000000.0,1419995,49.21140183677006
700,437520,40866,218,395,3554151.34623564,16000000.0,1759872,43.06445455880194
701,437520,26507,207,395,3608533.82262027,16000000.0,1275945,48.13615271437733
702,437520,66572,249,395,3163380.354912319,16000000.0,2893471,43.463783572673194
703,437520,60426,237,395,3153494.2718307404,16000000.0,2672318,44.22463840068845
704,437520,39097,217,395,3411883.6446075905,16000000.0,1813932,46.39568253318669
705,437520,31293,211,395,3581814.1005538213,16000000.0,1458219,46.598887930208036
706,437520,43044,225,395,3427795.7473637,16000000.0,1935175,44.958066164854564
707,437520,34900,215,395,3621859.0959337912,16000000.0,1538186,44.07409742120344
708,437520,30878,212,395,3517498.3385261106,16000000.0,1481370,47.97493360968975
709,437520,37602,218,395,3478547.8293893314,16000000.0,1720639,45.75924152970587
710,437520,45982,228,395,3517235.242908742,16000000.0,1942003,42.23398286285938
711,437520,42275,223,395,3528656.958195781,16000000.0,1848885,43.734713187463036
712,437520,36826,217,395,3449611.001615101,16000000.0,1724277,46.822272307608756
713,437520,94551,282,395,2474451.4941675104,16000000.0,4306727,45.5492485536906
714,437520,26693,204,395,3529831.6338526905,16000000.0,1317572,49.36020679578916
715,437520,55426,236,395,3335609.8523274716,16000000.0,2380949,42.957258326417204
716,437520,32918,214,395,3451411.72099806,16000000.0,1585965,48.179263624764566
717,437520,29532,210,395,3518803.2214931,16000000.0,1431037,48.45716510903427
718,437520,46765,224,395,3191652.8612402114,16000000.0,2202156,47.08983213942051
719,437520,31747,213,395,3552084.470143171,16000000.0,1487949,46.868963996598104
720,437520,191246,350,395,-1594971.877819449,16000000.0,10136557,53.00271378224904
721,437520,58532,239,395,3348803.18625026,16000000.0,2483728,42.4336773047222
722,437520,33705,214,395,3727703.875022941,16000000.0,1419294,42.1093012906097
723,437520,38842,216,395,3765746.7588794203,16000000.0,1537493,39.58326038823954
724,437520,27089,208,395,3579422.6354873404,16000000.0,1302822,48.094134150393145
725,437520,34858,216,395,3580885.838806032,16000000.0,1568537,44.9979057892019
726,437520,26798,208,395,3623833.3405381707,16000000.0,1280530,47.784536159414884
727,437520,27824,209,395,3570847.0446255505,16000000.0,1346335,48.38754312823462
728,437520,71465,260,395,3132898.3772888,16000000.0,3105001,43.44785559364724
729,437520,63075,245,395,3238466.3469893206,16000000.0,2717711,43.08697582243361
730,437520,30874,211,395,3680863.129075341,16000000.0,1367443,44.29108635097493
731,437520,52584,231,395,3342959.1055258904,16000000.0,2278652,43.33356153963183
732,437520,38705,219,395,3632709.993204142,16000000.0,1639579,42.36090944322439
733,437520,76605,268,395,2997828.8247218407,16000000.0,3368934,43.97799099275504
734,437520,56817,249,395,3646889.06581523,16000000.0,2278513,40.102662935389056
735,437520,78483,268,395,2946344.711734009,16000000.0,3464950,44.149051386924555
736,437520,28040,208,395,3581267.7256488893,16000000.0,1341741,47.85096291012839
737,437520,34943,215,395,3466707.565793161,16000000.0,1644177,47.05311507311908
738,437520,77305,264,395,2968512.2989524496,16000000.0,3400069,43.98252376948451
739,437520,32837,214,395,3538363.639221231,16000000.0,1527289,46.5112220970247
740,437520,32301,213,395,3702160.457468841,16000000.0,1397170,43.25469799696604
741,437520,69267,260,395,3191386.3643275695,16000000.0,2983543,43.07307953282227
742,437520,32014,213,395,3564182.391979702,16000000.0,1491358,46.58455675641907
743,437520,59199,242,395,3302109.992549869,16000000.0,2540587,42.916045879153366
744,437520,29154,210,395,3552450.83844454,16000000.0,1397765,47.94419290663374
745,437520,55131,234,395,3311464.8234805395,16000000.0,2407081,43.66111625038545
746,437520,61348,240,395,3210380.06755675,16000000.0,2673599,43.58086653191628
747,437520,52348,236,395,3501355.1559248604,16000000.0,2168332,41.42148697180408
748,437520,65873,249,395,3235832.8170575798,16000000.0,2832542,43.00004554217965
749,437520,30169,212,395,3595655.1302864105,16000000.0,1405641,46.59223043521496
750,437520,37694,218,395,3424560.519811291,16000000.0,1753557,46.520852125006634
751,437520,51748,228,395,3259818.42944235,16000000.0,2301222,44.46977660972405
752,437520,32866,213,395,3555634.9167719614,16000000.0,1522930,46.33755248585164
753,437520,27461,207,395,3580834.1719988897,16000000.0,1329691,48.42106988092203
754,437520,29981,211,395,3626657.5968267005,16000000.0,1379790,46.02214735999466
755,437520,36478,215,395,3378025.4750522296,16000000.0,1747546,47.906847963155876
756,437520,41453,224,395,3549423.133730891,16000000.0,1808450,43.626516778037775
757,437520,34945,217,395,3597941.545112441,16000000.0,1559126,44.61656889397625
758,437520,49417,229,395,3361512.8844653806,16000000.0,2157005,43.64904789849647
759,437520,27481,207,395,3632210.6409239694,16000000.0,1294755,47.11455187220261
760,437520,56348,239,395,3435030.158149541,16000000.0,2357450,41.837332292184286
761,437520,62584,243,395,3272295.4036222408,16000000.0,2677594,42.78400230090758
762,381988,265687,320,331,-7654507.82407151,16000000.0,16000034,60.22136574239613
763,437520,32807,213,395,3700739.85635794,16000000.0,1409831,42.97348126924132
764,437520,64701,254,395,3355001.7748058806,16000000.0,2721905,42.06897884113074
765,437520,34961,213,395,3728471.7874835418,16000000.0,1452324,41.54126026143417
766,437520,28961,211,395,3609227.003494552,16000000.0,1365256,47.141189876040194
767,437520,34533,214,395,3567292.1139649726,16000000.0,1569277,45.442822807169954
768,437520,27520,210,395,3613237.4991219407,16000000.0,1309985,47.60119912790697
769,437520,34643,213,395,3539114.559404051,16000000.0,1585973,45.78047513206131
770,437520,85946,279,395,2873477.01776099,16000000.0,3777337,43.950119842691926
771,437520,66077,252,395,3257536.321994481,16000000.0,2827660,42.793407691027134
772,437520,41287,218,395,3505458.65272805,16000000.0,1806268,43.74907355826289
773,437520,54125,234,395,3340161.134167849,16000000.0,2330392,43.05574133949192
774,437520,31579,212,395,3559045.160265421,16000000.0,1471581,46.59998733335444
775,437520,28466,210,395,3587756.2822079007,16000000.0,1360897,47.8078058034146
776,437520,27401,209,395,3641652.6739470707,16000000.0,1290833,47.108974125031935
777,437520,99546,285,395,2271835.25528434,16000000.0,4596983,46.17948486127017
778,437520,40786,224,395,3484572.820077901,16000000.0,1826814,44.79022213504634
779,437520,37257,214,395,3650151.8865689905,16000000.0,1575217,42.27975950828032
780,437520,40048,219,395,3742231.998719139,16000000.0,1596488,39.86436276468238
781,437520,32958,213,395,3559924.250319671,16000000.0,1515671,45.987954366162995
782,437520,67760,243,395,2989368.9897474595,16000000.0,3024081,44.6292945690673
783,437520,33456,213,395,3589597.4480744116,16000000.0,1509618,45.12248923959828
784,437520,35481,216,395,3576102.205129102,16000000.0,1588396,44.76750937121276
785,437520,30651,211,395,3673294.8382267416,16000000.0,1367200,44.60539623503311
786,437520,73803,260,395,3020053.5271377396,16000000.0,3239057,43.88787718656423
787,437520,38650,217,395,3592665.2612097613,16000000.0,1663056,43.02861578266494
788,437520,62179,243,395,3248651.62062891,16000000.0,2683629,43.159732385532095
789,437520,45040,224,395,3242712.953757391,16000000.0,2113548,46.926021314387214
790,437520,32760,214,395,3492866.889528011,16000000.0,1557395,47.539529914529915
791,437520,95049,280,395,2482931.7856613407,16000000.0,4318635,45.43588044061484
792,437520,141016,324,395,901078.8955004505,16000000.0,6912116,49.01653713053838
793,437520,34044,214,395,3481257.894206201,16000000.0,1610324,47.301257196569146
794,437520,168875,343,395,-300276.4826203899,16000000.0,8597950,50.913101406365655
795,437520,27690,209,395,3606741.81072354,16000000.0,1314327,47.46576381365114
796,437520,49560,230,395,3395726.059713371,16000000.0,2165051,43.68545197740113
797,437520,54673,244,395,3614866.1319435206,16000000.0,2216488,40.540815393338576
798,437520,28592,210,395,3608109.79630348,16000000.0,1349516,47.199076664801346
799,437520,72088,252,395,2951696.6320145796,16000000.0,3204833,44.45723282654534
800,437520,39175,218,395,3660386.564882791,16000000.0,1633686,41.70225909380983
801,437520,27619,208,395,3653341.83147497,16000000.0,1293025,46.81650313190195
802,437520,32844,213,395,3696451.8867783393,16000000.0,1413485,43.03632322494215
803,437520,59271,243,395,3381712.2877241885,16000000.0,2498800,42.15889726847868
804,437520,64751,246,395,3196171.2658764203,16000000.0,2806006,43.33533072848296
805,437520,52857,238,395,3591553.76150567,16000000.0,2152276,40.71884518606807
806,437520,55816,237,395,3361072.64285194,16000000.0,2388719,42.79631288519421
807,437520,30005,210,395,3659272.122774861,16000000.0,1351606,45.0460256623896
808,437520,41129,218,395,3574799.8269382403,16000000.0,1750870,42.570205937416425
809,437520,47512,224,395,3460869.9113852605,16000000.0,2019268,42.5001683785149
810,437520,53738,231,395,3300280.37034276,16000000.0,2350842,43.746361978488224
811,437520,33506,216,395,3652499.022418231,16000000.0,1469349,43.853309854951355
812,437520,71688,264,395,3181238.8956794194,16000000.0,3084431,43.02576442361344
813,437520,54673,235,395,3362917.671553429,16000000.0,2347057,42.92899603094764
814,437520,27065,209,395,3626947.9703879706,16000000.0,1284738,47.468612599297984
815,437520,46223,226,395,3403851.8633461506,16000000.0,2041470,44.165675096813274
816,437520,38527,222,395,3456723.2334246514,16000000.0,1766017,45.8384250006489
817,437520,43611,226,395,3563515.7339507616,16000000.0,1854694,42.52812363853156
818,437520,43140,222,395,3256848.938426781,16000000.0,2046634,47.4416782568382
819,437520,26558,206,395,3614998.15949367,16000000.0,1276686,48.071616838617366
820,437520,59211,240,395,3277194.6617058506,16000000.0,2553904,43.13225583084224
821,437520,63790,252,395,3320033.415342659,16000000.0,2712618,42.52418874431729
822,437520,33516,213,395,3708995.975804341,16000000.0,1422591,42.44513068385249
823,437520,51817,237,395,3644829.6005582605,16000000.0,2087611,40.28814867707509
824,437520,43440,224,395,3391997.341383021,16000000.0,1964155,45.21535451197053
825,437520,45048,227,395,3508432.415479701,16000000.0,1947904,43.24063221452673
826,437520,81408,276,395,3002170.9753466807,16000000.0,3538820,43.470174921383645
827,437520,52362,230,395,3307502.2457832904,16000000.0,2288994,43.71479317061991
828,437520,28952,211,395,3644454.6936235414,16000000.0,1336672,46.168554849405915
829,437520,74653,268,395,3119449.52205206,16000000.0,3236146,43.34917551873334
830,437520,28402,211,395,3590346.2061242512,16000000.0,1355261,47.71709738750792
831,437520,46128,226,395,3213807.2193511315,16000000.0,2172908,47.10605272285813
832,437520,33235,214,395,3556788.9742382416,16000000.0,1533924,46.15387392808786
833,437520,60343,240,395,3320128.65676219,16000000.0,2575121,42.67472614884908
834,437520,42286,220,395,3639671.13666563,16000000.0,1731976,40.95861514449226
835,437520,44173,227,395,3584832.8074781196,16000000.0,1869656,42.32576460733932
836,437520,78433,270,395,2960743.87462364,16000000.0,3454999,44.05032320579348
837,437520,28504,211,395,3623312.5992549397,16000000.0,1329167,46.63089390962672
838,437520,36316,221,395,3594164.42172212,16000000.0,1600846,44.08101112457319
839,437520,27935,210,395,3618382.9037449406,16000000.0,1319248,47.22563092894219
840,437520,52946,236,395,3557282.57316905,16000000.0,2181934,41.21055414951082
841,437520,33025,215,395,3572902.493315911,16000000.0,1511637,45.77250567751703
842,437520,27839,209,395,3599364.11505382,16000000.0,1324415,47.5740867128848
843,437520,62913,242,395,3203458.0518014496,16000000.0,2731511,43.417274649118625
844,437520,31374,211,395,3647910.677550351,16000000.0,1405570,44.80047172818257
845,437520,35312,214,395,3520888.8872869117,16000000.0,1624252,45.99716810149524
846,437520,46119,228,395,3575023.334646471,16000000.0,1902292,41.247468505388234
847,437520,61769,240,395,3221771.412271819,16000000.0,2670667,43.236364519419126
848,437520,73054,257,395,3021791.375442509,16000000.0,3213123,43.9828483039943
849,437520,29359,209,395,3666922.2460246715,16000000.0,1325464,45.14676930413161
850,437520,37553,216,395,3326999.0324083916,16000000.0,1814153,48.309136420525654
851,437520,110981,294,395,1953064.1896164408,16000000.0,5209676,46.9420531442319
852,437520,51424,228,395,3306994.94897755,16000000.0,2268740,44.118310516490354
853,437520,31508,213,395,3583989.9670901513,16000000.0,1459781,46.3304874952393
854,437520,29881,211,395,3601712.7705826103,16000000.0,1395904,46.71543790368462
855,437520,26321,207,395,3593570.52051627,16000000.0,1272648,48.351050492002585
856,437520,66403,252,395,3228076.3279460594,16000000.0,2855173,42.99765070855232
857,437520,67416,253,395,3229941.09607718,16000000.0,2894344,42.93259760294292
858,437520,31299,211,395,3663553.1174519714,16000000.0,1386390,44.29502540017253
859,437520,70384,263,395,3182047.7435254306,16000000.0,3024776,42.97533530347806
860,437520,62686,238,395,3193183.42910988,16000000.0,2728770,43.530772421274285
861,437520,78389,269,395,2974551.01082373,16000000.0,3440397,43.88877265942926
862,437520,46928,226,395,3538569.084943711,16000000.0,1975374,42.09371803614047
863,437520,144888,327,395,782762.3114754197,16000000.0,7119760,49.13974932361548
864,437520,77218,264,395,2893378.202972379,16000000.0,3434588,44.47911108808827
865,437520,67526,255,395,3250607.7032574303,16000000.0,2887149,42.756108758107985
866,437520,66441,249,395,3136094.5375156,16000000.0,2903951,43.70721391911621
867,437520,40454,218,395,3280139.362761231,16000000.0,1942855,48.02627675878776
868,437520,200467,357,395,-1883379.4887231993,16000000.0,10634896,53.05060683304484
869,437520,39499,217,395,3553712.229323181,16000000.0,1713889,43.390693435276845
870,437520,27639,209,395,3606747.85651554,16000000.0,1312725,47.49538695321828
871,437520,34375,214,395,3529170.96985933,16000000.0,1576253,45.85463272727273
872,437520,77740,263,395,2899967.874408301,16000000.0,3442509,44.28233856444559
873,437520,34292,214,395,3481572.724305441,16000000.0,1616773,47.14723550682375
874,437520,62701,254,395,3427754.6413429603,16000000.0,2615276,41.71027575317778
875,437520,37627,223,395,3610590.823851781,16000000.0,1632273,43.38036516331358
876,437520,80226,272,395,2950468.23683351,16000000.0,3532042,44.026151123077305
877,437520,36769,219,395,3603341.6266320515,16000000.0,1609405,43.77070358182164
878,437520,71352,265,395,3146633.5665983595,16000000.0,3085906,43.2490469783608
879,437520,33678,214,395,3487432.422017441,16000000.0,1592885,47.2974939129402
880,437520,40474,219,395,3412047.931527701,16000000.0,1849781,45.70294510055838
881,437520,45046,223,395,3233979.746770961,16000000.0,2119346,47.04848377214403
882,437520,32762,214,395,3558348.1103620715,16000000.0,1516360,46.28410963921616
883,272907,239787,217,220,-10249628.245569296,16000000.0,16000037,66.7260401940055
884,437520,55647,236,395,3334249.9974458707,16000000.0,2392365,42.99180548816648
885,437520,41592,224,395,3642352.621667621,16000000.0,1753115,42.150293325639545
886,437520,27451,208,395,3570711.0845917896,16000000.0,1330073,48.45262467669666
887,437520,31953,214,395,3546099.171398611,16000000.0,1497981,46.88076236973054
888,437520,34312,216,395,3629919.854386991,16000000.0,1509779,44.00148636045698
889,437520,58170,238,395,3302122.8784473003,16000000.0,2507478,43.106034038164005
890,437520,78060,274,395,3083259.69364738,16000000.0,3384407,43.35648219318473
891,437520,97294,282,395,2340419.1054321593,16000000.0,4475517,45.99992805311736
892,437520,74843,271,395,3205869.423859101,16000000.0,3194851,42.68737223254012
893,437520,68317,253,395,3192692.3532174793,16000000.0,2937130,42.992666539807075
894,437520,118122,303,395,1756511.971544701,16000000.0,5587488,47.302687052369585
895,437520,30545,213,395,3554573.45484393,16000000.0,1443279,47.25090849566214
896,437520,61839,241,395,3245750.9328901405,16000000.0,2667706,43.139539772635395
897,437520,43173,224,395,3559480.8899823795,16000000.0,1841734,42.659393602483036
898,437520,29360,211,395,3601130.5686212513,16000000.0,1373051,46.766042234332424
899,437520,65178,251,395,3289779.3441497106,16000000.0,2770773,42.51086256098684
900,286557,241283,221,234,-10098702.922811326,16000000.0,16000108,66.3126204498452
901,437520,75166,256,395,2975832.27581853,16000000.0,3303477,43.9490860229359
902,437520,30900,211,395,3517616.9420917304,16000000.0,1470413,47.586181229773466
903,437520,184767,352,395,-991139.6552799604,16000000.0,9558387,51.73211125363295
904,437520,77627,263,395,2958882.335550439,16000000.0,3411640,43.94914140698468
905,264310,238266,209,210,-10441276.967119412,16000000.0,16000032,67.15197300496084
906,437520,52072,234,395,3522717.16283563,16000000.0,2150384,41.29635888769396
907,437520,67992,256,395,3281637.8314260505,16000000.0,2883268,42.40598893987528
908,437520,51499,236,395,3617767.2257230696,16000000.0,2085619,40.49824268432397
909,437520,65030,244,395,3203209.484779221,16000000.0,2809357,43.20093802860218
910,437520,42911,222,395,3336849.250900742,16000000.0,1977543,46.084756822260026
911,437520,95579,283,395,2430245.1176167396,16000000.0,4363693,45.65535316335178
912,437520,83124,267,395,2766250.78890385,16000000.0,3717974,44.728044848659835
913,437520,57435,234,395,3204093.8847106,16000000.0,2540114,44.22589013667624
914,437520,57717,254,395,3617717.85591808,16000000.0,2321966,40.23019214442885
915,437520,79965,275,395,3002490.785776829,16000000.0,3485841,43.59208403676609
916,437520,36771,217,395,3679538.4928737003,16000000.0,1543083,41.964673247939956
917,437520,104589,288,395,2147715.7939353394,16000000.0,4863635,46.50235684441002
918,437520,215053,358,395,-2644240.430404426,16000000.0,11587085,53.88013652448466
919,437520,40372,222,395,3591539.064380201,16000000.0,1714970,42.47919350044585
920,437520,33892,214,395,3495454.308795021,16000000.0,1582504,46.69255281482356
921,437520,100659,287,395,2291120.74994315,16000000.0,4629250,45.98942965855016
922,437520,27975,209,395,3651757.5382852713,16000000.0,1302070,46.544057193923145
923,369374,262392,308,321,-7993383.916922182,16000000.0,16000004,60.97748406963627
924,437520,35036,215,395,3656217.067618231,16000000.0,1510308,43.10731818700765
925,437520,36732,216,395,3628128.9108845117,16000000.0,1584744,43.14341718392682
926,437520,74521,256,395,2912600.08069031,16000000.0,3320887,44.56310301794125
927,437520,172656,343,395,-516403.7275342993,16000000.0,8852144,51.27041052729126
928,437520,168024,339,395,-279902.2844130798,16000000.0,8555663,50.91929129172023
929,437520,48985,228,395,3373159.4826770606,16000000.0,2147230,43.834439114014494
930,437520,30270,212,395,3581135.1650125114,16000000.0,1415302,46.75592996366039
931,437520,39683,218,395,3340341.1017898316,16000000.0,1881602,47.41582037648363
932,437520,59707,240,395,3343246.2437998015,16000000.0,2534675,42.451890063141676
933,437520,178671,346,395,-780806.8528525293,16000000.0,9218734,51.596140392117356
934,437520,84595,277,395,2927445.35913499,16000000.0,3697088,43.703386724983744
935,437520,91125,278,395,2613254.4076687,16000000.0,4101989,45.014968449931416
936,437520,35508,215,395,3601413.5615378614,16000000.0,1570921,44.24132589838909
937,437520,35799,214,395,3526822.6537618996,16000000.0,1618903,45.22201737478701
938,437520,36568,215,395,3505472.974394011,16000000.0,1670244,45.67501640778823
939,437520,78413,270,395,3074066.619342121,16000000.0,3383748,43.15289556578629
940,437520,30665,211,395,3649559.751186372,16000000.0,1379096,44.97296592206098
941,437520,51194,228,395,3260320.9378545512,16000000.0,2290084,44.733445325624096
942,437520,33814,213,395,3716875.1701837396,16000000.0,1425748,42.16442893476075
943,437520,45438,226,395,3327188.079724531,16000000.0,2067342,45.49808530305031
944,437520,37856,216,395,3461264.7479822207,16000000.0,1736444,45.8697168216399
945,437520,52963,229,395,3234651.4347150396,16000000.0,2364302,44.64063591563922
946,437520,41390,218,395,3570164.9953060104,16000000.0,1762174,42.57487315776758
947,437520,41917,225,395,3629666.932864601,16000000.0,1773047,42.29899563422955
948,437520,150124,327,395,487035.52751172957,16000000.0,7480955,49.831839013082515
949,437520,68948,253,395,3139801.40588272,16000000.0,2996498,43.46025990601613
950,437520,51623,232,395,3410853.940440311,16000000.0,2197820,42.574433876372936
951,437520,122169,305,395,1596360.5406695409,16000000.0,5823144,47.66466124794342
952,437520,34844,216,395,3605519.468875711,16000000.0,1546014,44.36959017334405
953,437520,56116,247,395,3638837.0660034795,16000000.0,2255212,40.188395466533606
954,437520,32857,219,395,3621418.7267851704,16000000.0,1466998,44.64795933895365
955,437520,66230,254,395,3325083.9923173413,16000000.0,2796190,42.219386984750116
956,437520,27537,208,395,3563273.54457109,16000000.0,1331231,48.343356211642515
957,437520,71781,251,395,2961059.5299347406,16000000.0,3187470,44.40548334517491
958,437520,26974,209,395,3586474.64171864,16000000.0,1302406,48.28375472677393
959,437520,46473,225,395,3224144.6444262513,16000000.0,2162479,46.531943278893124
960,437520,77139,259,395,2877285.7252523196,16000000.0,3438404,44.57413241032422
961,437520,56761,238,395,3376161.0306419195,16000000.0,2409377,42.44775462024982
962,437520,80974,275,395,3008743.25675959,16000000.0,3520823,43.48090745177464
963,437520,33538,213,395,3711529.9987635417,16000000.0,1422032,42.400620192020995
964,437520,70625,251,395,2987016.9717048686,16000000.0,3132890,44.35950442477876
965,325255,251175,269,278,-9100105.8825416,16000000.0,16000011,63.70065094057928
966,437520,53188,235,395,3384453.921493541,16000000.0,2305661,43.349270512145594
967,437520,139073,321,395,993128.1237963901,16000000.0,6790878,48.829593091398046
968,437520,38715,216,395,3513967.5002767313,16000000.0,1720820,44.44840501097766
969,437520,30653,209,395,3678928.2421408696,16000000.0,1349434,44.022901510455746
970,437520,159170,338,395,186653.51985352088,16000000.0,7976639,50.1139599170698
971,437520,55654,235,395,3330337.37533647,16000000.0,2395005,43.03383404607036
972,437520,33313,211,395,3680232.429125242,16000000.0,1429114,42.899588749136974
973,437520,133787,319,395,1234836.5825854004,16000000.0,6465308,48.32538288473469
974,437520,125626,316,395,1535284.8912555203,16000000.0,5998159,47.74615923455336
975,437520,32232,211,395,3679937.6028449414,16000000.0,1399002,43.404132539091584
976,437520,38419,216,395,3656985.004821801,16000000.0,1615399,42.04687784689867
977,437520,32666,214,395,3616932.3423738005,16000000.0,1475676,45.17467703422519
978,437520,229490,366,395,-3196851.8675619904,16000000.0,12377274,53.93382718201229
979,437520,39442,216,395,3405508.1521804905,16000000.0,1822325,46.202651995334925
980,437520,38145,216,395,3488620.9018753706,16000000.0,1726843,45.27049416699436
981,437520,42508,226,395,3626187.77571506,16000000.0,1778326,41.83508986543709
982,437520,37165,216,395,3718550.825779481,16000000.0,1524077,41.00839499529127
983,437520,35727,215,395,3708781.2565220813,16000000.0,1490549,41.72051949505976
984,437520,44132,225,395,3554076.50080608,16000000.0,1875540,42.49841384936101
985,437520,105083,288,395,2128375.56764063,16000000.0,4889557,46.53042832808352
986,437520,66362,253,395,3237677.0187946404,16000000.0,2845390,42.87679696211688
987,437520,48369,227,395,3337276.26017373,16000000.0,2170362,44.87092972771816
988,437520,48227,231,395,3534657.40121794,16000000.0,2031599,42.125759429365296
989,437520,48008,230,395,3494146.909961781,16000000.0,2043928,42.57473754374271
990,437520,69118,258,395,3197470.488880721,16000000.0,2978033,43.086214878902744
991,437520,113614,295,395,1807960.2600962203,16000000.0,5383211,47.381581495238265
992,437520,37500,215,395,3689747.80729063,16000000.0,1553786,41.434293333333336
993,437520,93005,281,395,2558131.3118806295,16000000.0,4204439,45.20659104349229
994,437520,68719,256,395,3210852.5381947095,16000000.0,2948917,42.91268790290895
995,437520,49693,228,395,3238042.91038649,16000000.0,2261491,45.50924677519973
996,437520,170814,334,395,-696042.3502841094,16000000.0,8869725,51.92621799149953
997,437520,31828,211,395,3605089.2137889815,16000000.0,1442242,45.31362322483348
998,437520,103719,287,395,2187144.63009411,16000000.0,4808835,46.36407022821277
999,437520,64091,253,395,3374996.6278966805,16000000.0,2693352,42.0238723065641
